1,"Tuberomammillary nucleus, ventral part"
2,"Primary somatosensory area, mouth, layer 6b"
3,secondary fissure
4,Inferior colliculus
6,internal capsule
7,Principal sensory nucleus of the trigeminal
8,Basic cell groups and regions
9,"Primary somatosensory area, trunk, layer 6a"
10,"Superior colliculus, motor related, intermediate gray layer"
11,posterolateral fissure
12,Interfascicular nucleus raphe
14,internal medullary lamina of the thalamus
15,Parataenial nucleus
16,"Layer 6b, isocortex"
17,"Superior colliculus, motor related, intermediate white layer"
18,nodular fissure
19,Induseum griseum
20,"Entorhinal area, lateral part, layer 2"
21,"lateral olfactory tract, general"
22,Posterior parietal association areas
23,Anterior amygdalar area
25,simple fissure
26,"Superior colliculus, motor related, deep gray layer"
27,Intergeniculate leaflet of the lateral geniculate complex
28,"Entorhinal area, lateral part, layer 6a"
29,lateral spinothalamic tract
30,"Periventricular hypothalamic nucleus, anterior part"
31,Anterior cingulate area
33,"Primary visual area, layer 6a"
34,intercrural fissure
35,Oculomotor nucleus
36,"Gustatory areas, layer 1"
37,longitudinal association bundle
38,Paraventricular hypothalamic nucleus
39,"Anterior cingulate area, dorsal part"
41,"posteromedial visual area, layer 2/3"
42,"Superior colliculus, motor related, deep white layer"
43,ansoparamedian fissure
44,Infralimbic area
45,"Spinal nucleus of the trigeminal, oral part, rostral dorsomedial part"
46,mammillary related
47,"Paraventricular hypothalamic nucleus, magnocellular division, anterior magnocellular part"
48,"Anterior cingulate area, ventral part"
49,intraparafloccular fissure
50,Precommissural nucleus
51,Intralaminar nuclei of the dorsal thalamus
52,"Entorhinal area, lateral part, layer 3"
53,"Spinal nucleus of the trigeminal, oral part, middle dorsomedial part, dorsal zone"
54,medial forebrain bundle
55,"Paraventricular hypothalamic nucleus, parvicellular division, anterior parvicellular part"
56,Nucleus accumbens
57,paramedian sulcus
58,Medial terminal nucleus of the accessory optic tract
59,Intermediodorsal nucleus of the thalamus
60,"Entorhinal area, lateral part, layer 6b"
61,"Spinal nucleus of the trigeminal, oral part, middle dorsomedial part, ventral zone"
62,medial longitudinal fascicle
63,"Paraventricular hypothalamic nucleus, descending division"
64,Anterodorsal nucleus
65,parafloccular sulcus
66,Lateral terminal nucleus of the accessory optic tract
67,Interstitial nucleus of Cajal
68,"Frontal pole, layer 1"
69,"Spinal nucleus of the trigeminal, oral part, ventrolateral part"
70,midbrain related
71,"Paraventricular hypothalamic nucleus, magnocellular division"
72,Anterodorsal preoptic nucleus
73,ventricular systems
74,"Lateral visual area, layer 6a"
75,Dorsal terminal nucleus of the accessory optic tract
76,Interstitial nucleus of the vestibular nerve
77,"Spinal nucleus of the trigeminal, oral part, caudal dorsomedial part"
78,middle cerebellar peduncle
79,"Paraventricular hypothalamic nucleus, magnocellular division, medial magnocellular part"
80,Anterior hypothalamic area
81,lateral ventricle
82,"Nucleus of the lateral lemniscus, dorsal part"
83,Inferior olivary complex
84,"Prelimbic area, layer 6a"
85,spinocerebellar tract
86,middle thalamic commissure
87,"Paraventricular hypothalamic nucleus, parvicellular division, medial parvicellular part, dorsal zone"
88,Anterior hypothalamic nucleus
89,rhinocele
90,"Nucleus of the lateral lemniscus, horizontal part"
91,Interposed nucleus
92,"Entorhinal area, lateral part, layer 4"
93,motor root of the trigeminal nerve
94,"Paraventricular hypothalamic nucleus, parvicellular division"
95,Agranular insular area
96,Dorsal cochlear nucleus
97,"Temporal association areas, layer 1"
98,subependymal zone
99,"Nucleus of the lateral lemniscus, ventral part"
100,Interpeduncular nucleus
101,Ventral cochlear nucleus
102,nigrostriatal tract
103,"Paraventricular hypothalamic nucleus, magnocellular division, posterior magnocellular part"
104,"Agranular insular area, dorsal part"
105,"Superior olivary complex, medial part"
106,Inferior salivatory nucleus
107,"Somatomotor areas, Layer 1"
108,choroid plexus
109,nigrothalamic fibers
110,"Paraventricular hypothalamic nucleus, parvicellular division, periventricular part"
111,"Agranular insular area, posterior part"
112,Granular lamina of the cochlear nuclei
113,"Primary somatosensory area, lower limb, layer 2/3"
114,"Superior olivary complex, lateral part"
115,Trochlear nucleus
116,choroid fissure
117,optic chiasm
118,"Periventricular hypothalamic nucleus, intermediate part"
119,"Agranular insular area, ventral part"
120,"Agranular insular area, posterior part, layer 1"
121,"Lateral visual area, layer 6b"
122,"Superior olivary complex, periolivary region"
123,Koelliker-Fuse subnucleus
124,interventricular foramen
125,optic tract
126,"Periventricular hypothalamic nucleus, posterior part"
127,Anteromedial nucleus
128,Midbrain reticular nucleus
129,third ventricle
130,"Superior central nucleus raphe, medial part"
131,Lateral amygdalar nucleus
132,"Prelimbic area, layer 6b"
133,"Periventricular hypothalamic nucleus, preoptic part"
134,pallidotegmental fascicle
135,Nucleus ambiguus
136,Intermediate reticular nucleus
137,"Superior central nucleus raphe, lateral part"
138,Lateral group of the dorsal thalamus
139,"Entorhinal area, lateral part, layer 5"
140,cerebral aqueduct
141,Periventricular region
142,pallidothalamic pathway
143,"Nucleus ambiguus, ventral division"
144,"Olfactory tubercle, layers 1-3"
145,fourth ventricle
146,Pontine reticular nucleus
147,Locus ceruleus
148,"Gustatory areas, layer 4"
149,Paraventricular nucleus of the thalamus
150,periventricular bundle of the hypothalamus
151,Accessory olfactory bulb
152,"Piriform area, layers 1-3"
153,lateral recess
154,Perihypoglossal nuclei
155,Lateral dorsal nucleus of thalamus
156,"Dorsal auditory area, layer 6a"
157,Periventricular zone
158,posterior commissure
159,Anterior olfactory nucleus
160,"Anterior olfactory nucleus, layer 1"
161,Nucleus intercalatus
162,Laterodorsal tegmental nucleus
163,"Agranular insular area, posterior part, layer 2/3"
164,"central canal, spinal cord/medulla"
165,Midbrain raphe nuclei
166,premammillary commissure
167,"Anterior olfactory nucleus, dorsal part"
168,"Anterior olfactory nucleus, layer 2"
169,Nucleus prepositus
170,Dorsal part of the lateral geniculate complex
171,"Prelimbic area, layer 1"
173,Retrochiasmatic area
174,preoptic commissure
175,"Anterior olfactory nucleus, external part"
177,Nucleus of Roller
178,Ventral part of the lateral geniculate complex
179,"Anterior cingulate area, layer 6a"
180,"Gustatory areas, layer 2/3"
181,Nucleus of reuniens
182,propriohypothalamic pathways
183,"Anterior olfactory nucleus, lateral part"
184,"Frontal pole, cerebral cortex"
185,"Parapyramidal nucleus, deep part"
186,Lateral habenula
187,"Gustatory areas, layer 5"
188,"Accessory olfactory bulb, glomerular layer"
189,Rhomboid nucleus
190,pyramid
191,"Anterior olfactory nucleus, medial part"
192,"Cortical amygdalar area, anterior part, layer 1"
193,"Parapyramidal nucleus, superficial part"
194,Lateral hypothalamic area
195,"Prelimbic area, layer 2"
196,"Accessory olfactory bulb, granular layer"
197,Rostral linear nucleus raphe
198,pyramidal decussation
199,"Anterior olfactory nucleus, posteroventral part"
200,"Cortical amygdalar area, anterior part, layer 2"
201,"Primary somatosensory area, barrel field, layer 2/3"
202,Medial vestibular nucleus
203,Linear nucleus of the medulla
204,"Accessory olfactory bulb, mitral layer"
205,"retriculospinal tract, lateral part"
206,Nucleus raphe magnus
207,Area postrema
208,"Cortical amygdalar area, anterior part, layer 3"
209,Lateral vestibular nucleus
210,Lateral mammillary nucleus
211,"Anterior cingulate area, dorsal part, layer 2/3"
212,"Main olfactory bulb, glomerular layer"
213,"retriculospinal tract, medial part"
214,Red nucleus
215,Anterior pretectal nucleus
216,"Cortical amygdalar area, posterior part, lateral zone, layer 1"
217,Superior vestibular nucleus
218,Lateral posterior nucleus of the thalamus
219,"Somatomotor areas, Layer 2/3"
220,"Main olfactory bulb, granule layer"
221,rubroreticular tract
222,Nucleus raphe obscurus
223,Arcuate hypothalamic nucleus
224,"Cortical amygdalar area, posterior part, lateral zone, layer 2"
225,Spinal vestibular nucleus
226,Lateral preoptic area
227,"Anterior cingulate area, layer 6b"
228,"Main olfactory bulb, inner plexiform layer"
229,sensory root of the trigeminal nerve
230,Nucleus raphe pallidus
231,Anterior tegmental nucleus
232,"Cortical amygdalar area, posterior part, lateral zone, layer 3"
233,"Anterolateral visual area, layer 5"
234,"Temporal association areas, layer 4"
235,Lateral reticular nucleus
236,"Main olfactory bulb, mitral layer"
237,solitary tract
238,Nucleus raphe pontis
239,Anterior group of the dorsal thalamus
240,"Cortical amygdalar area, posterior part, medial zone, layer 1"
241,"Posterior parietal association areas, layer 2/3"
242,Lateral septal nucleus
243,"Dorsal auditory area, layer 6b"
244,"Main olfactory bulb, outer plexiform layer"
245,spinocervical tract
246,"Midbrain reticular nucleus, retrorubral area"
247,Auditory areas
248,"Cortical amygdalar area, posterior part, medial zone, layer 2"
249,"Posterior auditory area, layer 6a"
250,"Lateral septal nucleus, caudal (caudodorsal) part"
251,"Primary auditory area, layer 2/3"
252,"Dorsal auditory area, layer 5"
253,spinohypothalamic pathway
254,Retrosplenial area
255,Anteroventral nucleus of thalamus
256,"Cortical amygdalar area, posterior part, medial zone, layer 3"
257,"posteromedial visual area, layer 6a"
258,"Lateral septal nucleus, rostral (rostroventral) part"
259,"Entorhinal area, medial part, ventral zone, layer 1"
260,"Nucleus of the lateral olfactory tract, molecular layer"
261,spino-olivary pathway
262,Reticular nucleus of the thalamus
263,Anteroventral preoptic nucleus
264,"Orbital area, layer 1"
266,"Lateral septal nucleus, ventral part"
267,"Dorsal peduncular area, layer 6a"
268,"Nucleus of the lateral olfactory tract, pyramidal layer"
269,"Posterolateral visual area, layer 2/3"
270,spinoreticular pathway
271,Nucleus sagulum
272,Anteroventral periventricular nucleus
274,"Retrosplenial area, dorsal part, layer 6a"
275,Lateral septal complex
276,"Piriform area, molecular layer"
277,spinotectal pathway
278,Striatum-like amygdalar nuclei
279,"Retrosplenial area, lateral agranular part, layer 6b"
280,Barrington's nucleus
281,"Anteromedial visual area, layer 1"
283,Lateral tegmental nucleus
284,"Piriform area, pyramidal layer"
285,spinotelenchephalic pathway
286,Suprachiasmatic nucleus
287,Bed nucleus of the anterior commissure
288,"Orbital area, ventrolateral part, layer 2/3"
289,"Temporal association areas, layer 5"
290,Hypothalamic lateral zone
291,"Piriform area, polymorph layer"
292,Bed nucleus of the accessory olfactory tract
293,spinovestibular pathway
294,"Superior colliculus, motor related"
295,Basolateral amygdalar nucleus
296,"Anterior cingulate area, ventral part, layer 2/3"
297,"Taenia tecta, dorsal part, layers 1-4"
298,Magnocellular nucleus
299,"Somatomotor areas, Layer 5"
300,"Ventral part of the lateral geniculate complex, lateral zone"
301,stria terminalis
302,"Superior colliculus, sensory related"
303,"Basolateral amygdalar nucleus, anterior part"
304,"Prelimbic area, layer 2/3"
305,"Primary visual area, layer 6b"
306,"Taenia tecta, ventral part, layers 1-3"
307,Magnocellular reticular nucleus
308,"Posterior parietal association areas, layer 6a"
309,striatonigral pathway
310,Septofimbrial nucleus
311,"Basolateral amygdalar nucleus, posterior part"
312,"Entorhinal area, lateral part, layer 4/5"
313,Midbrain
314,"Agranular insular area, posterior part, layer 6a"
315,Isocortex
316,"Ventral part of the lateral geniculate complex, medial zone"
317,subthalamic fascicle
318,Supragenual nucleus
319,Basomedial amygdalar nucleus
320,"Primary motor area, Layer 1"
321,Subgeniculate nucleus
322,Primary somatosensory area
323,"Midbrain, motor related"
324,"Entorhinal area, medial part, ventral zone, layer 2"
325,Suprageniculate nucleus
326,superior cerebelar peduncles
327,"Basomedial amygdalar nucleus, anterior part"
328,"Agranular insular area, dorsal part, layer 2/3"
329,"Primary somatosensory area, barrel field"
330,"Retrosplenial area, dorsal part, layer 6b"
331,Mammillary body
332,Accessory supraoptic group
333,Septohippocampal nucleus
334,"Basomedial amygdalar nucleus, posterior part"
335,"Perirhinal area, layer 6a"
336,superior colliculus commissure
337,"Primary somatosensory area, lower limb"
338,Subfornical organ
339,"Midbrain, sensory related"
340,"Posterior parietal association areas, layer 6b"
341,supramammillary decussation
342,Substantia innominata
343,Brain stem
344,"Agranular insular area, posterior part, layer 5"
345,"Primary somatosensory area, mouth"
346,"Primary somatosensory area, layer 2/3"
347,Subparaventricular zone
348,"Midbrain, behavioral state related"
349,supraoptic commissures
350,Subceruleus nucleus
351,Bed nuclei of the stria terminalis
352,"Orbital area, layer 5"
353,"Primary somatosensory area, nose"
354,Medulla
355,"Agranular insular area, posterior part, layer 6b"
356,Preparasubthalamic nucleus
357,tectothalamic pathway
358,Sublaterodorsal nucleus
359,"Bed nuclei of the stria terminalis, anterior division"
360,"Dorsal peduncular area, layer 2/3"
361,"Primary somatosensory area, trunk"
362,Mediodorsal nucleus of thalamus
363,"Prelimbic area, layer 5"
364,Parasubthalamic nucleus
365,thalamic peduncles
366,Submedial nucleus of the thalamus
367,"Bed nuclei of the stria terminalis, posterior division"
368,"Perirhinal area, layer 6b"
369,"Primary somatosensory area, upper limb"
370,"Medulla, motor related"
371,"Entorhinal area, medial part, ventral zone, layer 3"
372,Infracerebellar nucleus
373,trigeminocerebellar tract
374,"Substantia nigra, compact part"
375,Ammon's horn
376,"Cortical amygdalar area, posterior part, lateral zone, layers 1-3"
377,"Posterolateral visual area, layer 6a"
378,Supplemental somatosensory area
379,"Medulla, behavioral state related"
380,cuneate fascicle
381,"Substantia nigra, reticular part"
382,Field CA1
383,"Cortical amygdalar area, posterior part, medial zone, layers 1-3"
384,trochlear nerve decussation
385,Primary visual area
386,"Medulla, sensory related"
387,"Entorhinal area, lateral part, layer 5/6"
388,gracile fascicle
389,ventral spinothalamic tract
390,Supraoptic nucleus
391,"Field CA1, stratum lacunosum-moleculare"
392,"Nucleus of the lateral olfactory tract, layers 1-3"
393,"Posterolateral visual area, layer 6b"
394,Anteromedial visual area
395,Medullary reticular nucleus
396,internal arcuate fibers
397,ventral tegmental decussation
398,Superior olivary complex
399,"Field CA1, stratum oriens"
400,"Piriform-amygdalar area, layers 1-3"
401,"Anteromedial visual area, layer 4"
402,Anterolateral visual area
403,Medial amygdalar nucleus
404,olivocerebellar tract
405,ventrolateral hypothalamic tract
406,Subparafascicular nucleus
407,"Field CA1, pyramidal layer"
408,"Piriform-amygdalar area, molecular layer"
409,Lateral visual area
410,reticulocerebellar tract
411,"Medial amygdalar nucleus, anterodorsal part"
412,"Orbital area, lateral part, layer 2/3"
413,vestibular nerve
414,"Subparafascicular nucleus, magnocellular part"
415,"Field CA1, stratum radiatum"
416,"Piriform-amygdalar area, pyramidal layer"
417,Rostrolateral visual area
418,"Medial amygdalar nucleus, anteroventral part"
419,"Entorhinal area, medial part, ventral zone, layer 4"
420,precommissural fornix diagonal band
421,"Lateral visual area, layer 1"
422,"Subparafascicular nucleus, parvicellular part"
423,Field CA2
424,"Piriform-amygdalar area, polymorph layer"
425,Posterolateral visual area
426,"Medial amygdalar nucleus, posterodorsal part"
427,Ectorhinal area/Layer 2/3
428,medial corticohypothalamic tract
429,"Spinal nucleus of the trigeminal, caudal part"
430,"Retrosplenial area, ventral part, layer 2/3"
431,"Field CA2, stratum lacunosum-moleculare"
432,Nucleus circularis
433,"Anteromedial visual area, layer 5"
434,"Retrosplenial area, dorsal part, layer 2/3"
435,"Medial amygdalar nucleus, posteroventral part"
436,columns of the fornix
437,"Spinal nucleus of the trigeminal, interpolar part"
438,"Field CA2, stratum oriens"
439,"Paraventricular hypothalamic nucleus, descending division, dorsal parvicellular part"
440,"Orbital area, lateral part, layer 6a"
441,"Anteromedial visual area, layer 6b"
442,"Retrosplenial area, dorsal part, layer 1"
443,dorsal hippocampal commissure
444,Medial group of the dorsal thalamus
445,"Spinal nucleus of the trigeminal, oral part"
446,"Field CA2, pyramidal layer"
447,"Paraventricular hypothalamic nucleus, descending division, forniceal part"
448,"Orbital area, lateral part, layer 1"
449,ventral hippocampal commissure
450,"Primary somatosensory area, upper limb, layer 1"
451,"Basolateral amygdalar nucleus, ventral part"
452,Median preoptic nucleus
453,Somatosensory areas
454,"Field CA2, stratum radiatum"
455,"Paraventricular hypothalamic nucleus, descending division, lateral parvicellular part"
456,"Posterior auditory area, layer 6b"
457,"Visual areas, layer 6a"
458,"Olfactory tubercle, molecular layer"
459,accessory olfactory tract
460,Midbrain trigeminal nucleus
461,"Primary somatosensory area, trunk, layer 6b"
462,Superior salivatory nucleus
463,Field CA3
464,"Paraventricular hypothalamic nucleus, descending division, medial parvicellular part, ventral zone"
465,"Olfactory tubercle, pyramidal layer"
466,alveus
467,Hypothalamic medial zone
468,"Entorhinal area, medial part, dorsal zone, layer 2a"
469,"posteromedial visual area, layer 6b"
470,Subthalamic nucleus
471,"Field CA3, stratum lacunosum-moleculare"
472,"Medial amygdalar nucleus, posterodorsal part, sublayer a"
473,"Olfactory tubercle, polymorph layer"
474,angular path
475,Medial geniculate complex
476,"Orbital area, layer 6a"
477,Striatum
478,"Primary somatosensory area, lower limb, layer 6a"
479,"Field CA3, stratum lucidum"
480,"Medial amygdalar nucleus, posterodorsal part, sublayer b"
481,Islands of Calleja
482,brachium of the inferior colliculus
483,Medial habenula
484,"Orbital area, medial part, layer 1"
485,Striatum dorsal region
486,"Field CA3, stratum oriens"
487,"Medial amygdalar nucleus, posterodorsal part, sublayer c"
488,"Orbital area, lateral part, layer 6b"
489,Major island of Calleja
490,bulbocerebellar tract
491,Medial mammillary nucleus
492,"Orbital area, layer 2/3"
493,Striatum ventral region
494,"Superior colliculus, motor related, intermediate gray layer, sublayer a"
495,"Field CA3, pyramidal layer"
496,"Dorsal peduncular area, layer 1"
497,"Visual areas, layer 6b"
498,"Bed nuclei of the stria terminalis, anterior division, anteromedial area"
499,cuneocerebellar tract
500,Somatomotor areas
501,"posteromedial visual area, layer 4"
502,Subiculum
503,"Superior colliculus, motor related, intermediate gray layer, sublayer b"
504,"Field CA3, stratum radiatum"
505,"Bed nuclei of the stria terminalis, anterior division, dorsomedial nucleus"
506,dorsal acoustic stria
507,Main olfactory bulb
508,"Entorhinal area, medial part, dorsal zone, layer 2b"
509,"Subiculum, dorsal part"
510,"Primary somatosensory area, lower limb, layer 6b"
511,"Superior colliculus, motor related, intermediate gray layer, sublayer c"
512,Cerebellum
513,"Bed nuclei of the stria terminalis, anterior division, fusiform nucleus"
514,dorsal column
515,Medial preoptic nucleus
516,"Orbital area, layer 6b"
517,"Postpiriform transition area, layers 1-3"
518,"Subiculum, ventral part"
519,Cerebellar nuclei
520,"Ventral auditory area, layer 6a"
521,"Bed nuclei of the stria terminalis, anterior division, magnocellular nucleus"
522,dorsal commissure of the spinal cord
523,Medial preoptic area
524,"Orbital area, medial part, layer 2"
525,Supramammillary nucleus
526,"Entorhinal area, medial part, dorsal zone, layer 1"
527,"Dorsal auditory area, layer 1"
528,Cerebellar cortex
529,"Bed nuclei of the stria terminalis, anterior division, ventral nucleus"
530,dorsal fornix
531,Medial pretectal area
532,"Posterior parietal association areas, layer 1"
533,posteromedial visual area
534,Supratrigeminal nucleus
535,"Dorsal peduncular area, layer 2"
536,Central amygdalar nucleus
537,"Bed nuclei of the stria terminalis, anterior division, anterolateral area"
538,dorsal limb
539,"Midbrain reticular nucleus, magnocellular part"
540,"Perirhinal area, layer 1"
541,Temporal association areas
542,"Retrosplenial area, ventral part, layer 1"
543,"Entorhinal area, medial part, dorsal zone, layer 2"
544,"Central amygdalar nucleus, capsular part"
545,"Retrosplenial area, dorsal part, layer 4"
546,"Bed nuclei of the stria terminalis, anterior division, juxtacapsular nucleus"
547,dorsal longitudinal fascicle
548,"Midbrain reticular nucleus, magnocellular part, general"
549,Thalamus
550,"Entorhinal area, medial part, dorsal zone, layer 5/6"
551,"Central amygdalar nucleus, lateral part"
552,"Pontine reticular nucleus, ventral part"
553,dorsal spinocerebellar tract
554,"Bed nuclei of the stria terminalis, anterior division, oval nucleus"
555,"Midbrain reticular nucleus, parvicellular part"
556,"Infralimbic area, layer 2/3"
557,Tuberomammillary nucleus
558,"Primary somatosensory area, nose, layer 1"
559,"Central amygdalar nucleus, medial part"
560,"Cochlear nucleus, subpedunclular granular region"
561,"Visual areas, layer 2/3"
562,"Bed nuclei of the stria terminalis, anterior division, rhomboid nucleus"
563,dorsal tegmental tract
564,Medial septal nucleus
565,"posteromedial visual area, layer 5"
566,Postpiriform transition area
567,Cerebrum
568,Accessory abducens nucleus
569,"Bed nuclei of the stria terminalis, posterior division, dorsal nucleus"
570,dorsolateral fascicle
571,Midline group of the dorsal thalamus
572,"Anterior cingulate area, layer 1"
573,"Lateral visual area, layer 4"
574,Tegmental reticular nucleus
575,Central lateral nucleus of the thalamus
576,Accessory facial motor nucleus
577,"Primary somatosensory area, upper limb, layer 4"
578,"Bed nuclei of the stria terminalis, posterior division, principal nucleus"
579,external capsule
580,Nucleus of the brachium of the inferior colliculus
581,Triangular nucleus of septum
582,"Orbital area, medial part, layer 2/3"
583,Claustrum
584,"Cortical amygdalar area, posterior part, lateral zone, layers 1-2"
585,"Bed nuclei of the stria terminalis, posterior division, interfascicular nucleus"
586,fasciculus proprius
587,Nucleus of Darkschewitsch
588,"Anterior cingulate area, ventral part, layer 1"
589,Taenia tecta
590,"Retrosplenial area, ventral part, layer 6a"
591,Central linear nucleus raphe
592,"Cortical amygdalar area, posterior part, medial zone, layers 1-2"
593,"Primary visual area, layer 1"
594,"Bed nuclei of the stria terminalis, posterior division, transverse nucleus"
595,fasciculus retroflexus
596,Diagonal band nucleus
597,"Taenia tecta, dorsal part"
598,"Ventral auditory area, layer 6b"
599,Central medial nucleus of the thalamus
600,"Dorsal auditory area, layer 2/3"
601,"Anterolateral visual area, layer 6a"
602,"Bed nuclei of the stria terminalis, posterior division, strial extension"
603,fimbria
604,Nucleus incertus
605,"Taenia tecta, ventral part"
606,"Retrosplenial area, ventral part, layer 2"
607,Cochlear nuclei
608,"Orbital area, ventrolateral part, layer 6a"
609,Subparafascicular area
610,"Retrosplenial area, dorsal part, layer 5"
611,habenular commissure
612,Nucleus of the lateral lemniscus
613,"Lateral visual area, layer 5"
614,Tuberal nucleus
615,"Substantia nigra, lateral part"
616,Cuneiform nucleus
617,"Mediodorsal nucleus of the thalamus, central part"
618,hippocampal commissures
619,Nucleus of the lateral olfactory tract
620,"Orbital area, medial part, layer 5"
621,Motor nucleus of trigeminal
622,"Retrosplenial area, ventral part, layer 6b"
623,Cerebral nuclei
624,Interpeduncular fossa
625,"Primary somatosensory area, upper limb, layer 5"
626,"Mediodorsal nucleus of the thalamus, lateral part"
627,hypothalamohypophysial tract
628,Nucleus of the optic tract
629,Ventral anterior-lateral complex of the thalamus
630,"Orbital area, lateral part, layer 5"
631,Cortical amygdalar area
632,"Dentate gyrus, granule cell layer"
633,inferior colliculus commissure
634,Nucleus of the posterior commissure
635,"Posterior parietal association areas, layer 4"
636,"Mediodorsal nucleus of the thalamus, medial part"
637,Ventral group of the dorsal thalamus
638,"Gustatory areas, layer 6a"
639,"Cortical amygdalar area, anterior part"
640,Efferent vestibular nucleus
641,intermediate acoustic stria
642,Nucleus of the trapezoid body
643,"Posterior auditory area, layer 2/3"
644,"Somatomotor areas, Layer 6a"
645,Vermal regions
646,"Dorsal peduncular area, layer 5"
647,"Cortical amygdalar area, posterior part"
648,"Primary motor area, Layer 5"
649,"Anterolateral visual area, layer 6b"
650,juxtarestiform body
651,Nucleus of the solitary tract
652,"Paraventricular hypothalamic nucleus, magnocellular division, posterior magnocellular part, lateral zone"
653,Abducens nucleus
654,"Primary somatosensory area, nose, layer 4"
655,"Cortical amygdalar area, posterior part, lateral zone"
656,"Secondary motor area, layer 1"
657,"Primary somatosensory area, mouth, layer 2/3"
658,lateral lemniscus
659,"Nucleus of the solitary tract, central part"
660,"Paraventricular hypothalamic nucleus, magnocellular division, posterior magnocellular part, medial zone"
661,Facial motor nucleus
662,"Gustatory areas, layer 6b"
663,"Cortical amygdalar area, posterior part, medial zone"
664,"Entorhinal area, medial part, dorsal zone, layer 3"
665,"lateral olfactory tract, body"
666,"Nucleus of the solitary tract, commissural part"
667,"Frontal pole, layer 2/3"
668,"Dorsomedial nucleus of the hypothalamus, anterior part"
669,Visual areas
670,"Primary somatosensory area, trunk, layer 2/3"
671,"Retrosplenial area, lateral agranular part, layer 1"
672,Caudoputamen
673,mammillary peduncle
674,"Nucleus of the solitary tract, gelatinous part"
675,"Agranular insular area, ventral part, layer 6a"
676,"Dorsomedial nucleus of the hypothalamus, posterior part"
677,Visceral area
678,"Dorsal auditory area, layer 4"
679,Superior central nucleus raphe
680,"Orbital area, ventrolateral part, layer 6b"
681,mammillotegmental tract
682,"Nucleus of the solitary tract, lateral part"
683,"Posterior parietal association areas, layer 5"
684,"Dorsomedial nucleus of the hypothalamus, ventral part"
685,Ventral medial nucleus of the thalamus
686,"Primary somatosensory area, layer 6a"
687,"Retrosplenial area, ventral part, layer 5"
688,Cerebral cortex
689,Ventrolateral preoptic nucleus
690,mammillothalamic tract
691,"Nucleus of the solitary tract, medial part"
692,"Perirhinal area, layer 5"
693,Ventromedial hypothalamic nucleus
694,"Agranular insular area, ventral part, layer 2/3"
695,Cortical plate
696,"Posterior auditory area, layer 1"
697,medial lemniscus
698,Olfactory areas
699,"Agranular insular area, ventral part, layer 6b"
700,"Anterior hypothalamic nucleus, anterior part"
701,Vestibular nuclei
702,"Primary somatosensory area, nose, layer 5"
703,Cortical subplate
704,"Agranular insular area, ventral part, layer 1"
705,midbrain tract of the trigeminal nerve
706,Olivary pretectal nucleus
707,"Infralimbic area, layer 1"
708,"Anterior hypothalamic nucleus, central part"
709,Ventral posterior complex of the thalamus
710,abducens nerve
711,Cuneate nucleus
712,"Entorhinal area, medial part, dorsal zone, layer 4"
713,perforant path
714,Orbital area
715,"Entorhinal area, lateral part, layer 2a"
716,"Anterior hypothalamic nucleus, dorsal part"
717,accessory spinal nerve
718,Ventral posterolateral nucleus of the thalamus
719,"Primary somatosensory area, layer 6b"
720,Dorsal column nuclei
721,"Primary visual area, layer 4"
722,periventricular bundle of the thalamus
723,"Orbital area, lateral part"
724,"Anterior hypothalamic nucleus, posterior part"
725,"Ventral posterolateral nucleus of the thalamus, parvicellular part"
726,Dentate gyrus
727,"Entorhinal area, medial part, dorsal zone, layer 5"
728,arbor vitae
729,"Temporal association areas, layer 6a"
730,pineal stalk
731,"Orbital area, medial part"
732,"Medial mammillary nucleus, median part"
733,Ventral posteromedial nucleus of the thalamus
734,Dentate gyrus crest
735,"Primary auditory area, layer 1"
736,central tegmental bundle
737,postcommissural fornix
738,"Orbital area, ventral part"
739,"Anterior cingulate area, layer 5"
740,"Medial preoptic nucleus, central part"
741,"Ventral posteromedial nucleus of the thalamus, parvicellular part"
742,"Dentate gyrus crest, molecular layer"
743,"Entorhinal area, medial part, dorsal zone, layer 6"
744,cerebellar commissure
745,"precommissural fornix, general"
746,"Orbital area, ventrolateral part"
747,"Infralimbic area, layer 2"
748,"Medial preoptic nucleus, lateral part"
749,Ventral tegmental area
750,"Posterolateral visual area, layer 1"
751,"Dentate gyrus crest, polymorph layer"
752,cerebellar peduncles
753,principal mammillary tract
754,Olfactory tubercle
755,"Ventral auditory area, layer 2/3"
756,"Medial preoptic nucleus, medial part"
757,Ventral tegmental nucleus
758,"Dentate gyrus crest, granule cell layer"
759,"Posterior auditory area, layer 4"
760,cerebral nuclei related
761,"Ventromedial hypothalamic nucleus, anterior part"
762,"propriohypothalamic pathways, dorsal"
763,Vascular organ of the lamina terminalis
764,"Entorhinal area, lateral part, layer 2b"
765,Nucleus x
766,Dentate gyrus lateral blade
767,"Secondary motor area, layer 5"
768,cerebrum related
769,"Ventromedial hypothalamic nucleus, central part"
770,"propriohypothalamic pathways, lateral"
771,Pons
772,"Anterior cingulate area, ventral part, layer 5"
773,Hypoglossal nucleus
774,"Retrosplenial area, lateral agranular part, layer 5"
775,"Dentate gyrus lateral blade, molecular layer"
776,corpus callosum
777,"Ventromedial hypothalamic nucleus, dorsomedial part"
778,"Primary visual area, layer 5"
779,"propriohypothalamic pathways, medial"
780,Posterior amygdalar nucleus
781,Nucleus y
782,"Dentate gyrus lateral blade, polymorph layer"
783,"Agranular insular area, dorsal part, layer 6a"
784,corticospinal tract
785,"Ventromedial hypothalamic nucleus, ventrolateral part"
786,"Temporal association areas, layer 6b"
787,"propriohypothalamic pathways, ventral"
788,Piriform-amygdalar area
789,Nucleus z
790,"Dentate gyrus lateral blade, granule cell layer"
791,"Posterior auditory area, layer 5"
792,dorsal roots
793,"Primary somatosensory area, layer 1"
794,spinal tract of the trigeminal nerve
795,Periaqueductal gray
796,Dopaminergic A13 group
797,Zona incerta
798,facial nerve
799,Dentate gyrus medial blade
800,"Agranular insular area, ventral part, layer 5"
801,"Visual areas, layer 1"
802,stria medullaris
803,Pallidum
804,Fields of Forel
805,"posteromedial visual area, layer 1"
806,"Supplemental somatosensory area, layer 2/3"
807,"Dentate gyrus medial blade, molecular layer"
808,glossopharyngeal nerve
809,"Pallidum, caudal region"
810,"Anterior cingulate area, ventral part, 6a"
811,"Inferior colliculus, central nucleus"
812,superior cerebellar peduncle decussation
813,hypoglossal nerve
814,Dorsal peduncular area
815,"Dentate gyrus medial blade, polymorph layer"
816,"Primary auditory area, layer 4"
817,"supraoptic commissures, anterior"
818,"Pallidum, dorsal region"
819,"Anterior cingulate area, ventral part, 6b"
820,"Inferior colliculus, dorsal nucleus"
821,"Primary visual area, layer 2/3"
822,Retrohippocampal region
823,"Dentate gyrus medial blade, granule cell layer"
824,hypothalamus related
825,"supraoptic commissures, dorsal"
826,"Pallidum, medial region"
827,"Infralimbic area, layer 5"
828,"Inferior colliculus, external nucleus"
829,"Subiculum, dorsal part, molecular layer"
830,Dorsomedial nucleus of the hypothalamus
831,"Agranular insular area, dorsal part, layer 6b"
832,oculomotor nerve
833,"supraoptic commissures, ventral"
834,"Superior colliculus, zonal layer"
835,"Pallidum, ventral region"
836,Ectorhinal area/Layer 1
837,"Subiculum, dorsal part, stratum radiatum"
838,"Primary somatosensory area, nose, layer 2/3"
839,Dorsal motor nucleus of the vagus nerve
840,olfactory nerve
841,trapezoid body
842,"Superior colliculus, superficial gray layer"
843,Parasubiculum
844,"Primary motor area, Layer 6a"
845,"Subiculum, dorsal part, pyramidal layer"
846,Dentate nucleus
847,"Primary auditory area, layer 5"
848,optic nerve
849,"Visceral area, layer 6b"
850,uncinate fascicle
851,"Superior colliculus, optic layer"
852,Parvicellular reticular nucleus
853,"Subiculum, ventral part, molecular layer"
854,"Primary somatosensory area, upper limb, layer 2/3"
855,retriculospinal tract
856,"Thalamus, polymodal association cortex related"
857,"Visceral area, layer 6a"
858,ventral commissure of the spinal cord
859,Parasolitary nucleus
860,"Parabrachial nucleus, lateral division, central lateral part"
861,"Subiculum, ventral part, stratum radiatum"
862,"Supplemental somatosensory area, layer 6a"
863,rubrospinal tract
864,"Thalamus, sensory-motor cortex related"
865,"Primary somatosensory area, layer 4"
866,ventral spinocerebellar tract
867,Parabrachial nucleus
868,"Parabrachial nucleus, lateral division, dorsal lateral part"
869,"Posterolateral visual area, layer 4"
870,"Subiculum, ventral part, pyramidal layer"
871,spinothalamic tract
872,Dorsal nucleus raphe
873,"Supplemental somatosensory area, layer 1"
874,Parabigeminal nucleus
875,"Parabrachial nucleus, lateral division, external lateral part"
876,accessory optic tract
877,tectospinal pathway
878,"Primary somatosensory area, mouth, layer 1"
879,"Retrosplenial area, dorsal part"
880,Dorsal tegmental nucleus
881,"Parabrachial nucleus, lateral division"
882,"Primary motor area, Layer 6b"
883,"Parabrachial nucleus, lateral division, superior lateral part"
884,amygdalar capsule
885,terminal nerve
886,"Retrosplenial area, ventral part"
887,Efferent cochlear group
888,"Perirhinal area, layer 2/3"
889,"Primary somatosensory area, nose, layer 6a"
890,"Parabrachial nucleus, medial division"
891,"Parabrachial nucleus, lateral division, ventral lateral part"
892,ansa peduncularis
893,"Supplemental somatosensory area, layer 6b"
894,"Retrosplenial area, lateral agranular part"
895,Ectorhinal area
896,thalamus related
897,"Visceral area, layer 1"
898,Pontine central gray
899,"Parabrachial nucleus, medial division, external medial part"
900,"anterior commissure, olfactory limb"
901,trigeminal nerve
902,"Posterolateral visual area, layer 5"
903,External cuneate nucleus
904,Medial septal complex
905,"Anterolateral visual area, layer 2/3"
906,"Retrosplenial area, lateral agranular part, layer 6a"
907,Paracentral nucleus
908,"anterior commissure, temporal limb"
909,Entorhinal area
910,"Orbital area, medial part, layer 6a"
911,trochlear nerve
912,Lingula (I)
913,"Visual areas, layer 4"
914,Posterodorsal preoptic nucleus
915,"Parabrachial nucleus, medial division, medial medial part"
916,brachium of the superior colliculus
917,vagus nerve
918,"Entorhinal area, lateral part"
919,"Anterior cingulate area, dorsal part, layer 6a"
920,Central lobule
921,"Primary somatosensory area, layer 5"
922,Perirhinal area
923,"Parabrachial nucleus, medial division, ventral medial part"
924,cerebal peduncle
925,ventral roots
926,"Entorhinal area, medial part, dorsal zone"
927,"Anterior cingulate area, dorsal part, layer 6b"
928,Culmen
929,"Primary somatosensory area, nose, layer 6b"
930,Parafascicular nucleus
931,Pontine gray
932,cervicothalamic tract
933,vestibulocochlear nerve
934,"Entorhinal area, medial part, ventral zone"
935,"Anterior cingulate area, dorsal part, layer 1"
936,Declive (VI)
937,"Visual areas, layer 5"
938,Paragigantocellular reticular nucleus
939,"Nucleus ambiguus, dorsal division"
940,cingulum bundle
941,vestibulospinal pathway
942,Endopiriform nucleus
943,"Primary motor area, Layer 2/3"
944,Folium-tuber vermis (VII)
945,"Primary somatosensory area, upper limb, layer 6a"
946,Posterior hypothalamic nucleus
947,"Somatomotor areas, Layer 6b"
948,cochlear nerve
949,vomeronasal nerve
950,"Primary somatosensory area, mouth, layer 4"
951,Pyramus (VIII)
952,"Endopiriform nucleus, dorsal part"
953,Pineal body
954,"Primary auditory area, layer 6a"
955,"Lateral reticular nucleus, magnocellular part"
956,"corpus callosum, anterior forceps"
957,Uvula (IX)
958,Epithalamus
959,"Ventral auditory area, layer 1"
960,cerebellum related fiber tracts
961,Piriform area
962,"Secondary motor area, layer 2/3"
963,"Lateral reticular nucleus, parvicellular part"
964,"corpus callosum, extreme capsule"
965,"Retrosplenial area, lateral agranular part, layer 2/3"
966,"Endopiriform nucleus, ventral part"
967,cranial nerves
968,Nodulus (X)
969,"Orbital area, ventrolateral part, layer 1"
970,"Paragigantocellular reticular nucleus, dorsal part"
971,"corpus callosum, posterior forceps"
972,Prelimbic area
973,"Lateral visual area, layer 2/3"
974,"Primary somatosensory area, mouth, layer 5"
975,Edinger-Westphal nucleus
976,Lobule II
977,Ectorhinal area/Layer 6a
978,"Paragigantocellular reticular nucleus, lateral part"
979,"corpus callosum, rostrum"
980,Dorsal premammillary nucleus
981,"Primary somatosensory area, barrel field, layer 1"
982,Fasciola cinerea
983,lateral forebrain bundle system
984,Lobule III
985,Primary motor area
986,"corpus callosum, splenium"
987,"Pons, motor related"
988,Ectorhinal area/Layer 5
989,Fastigial nucleus
990,"Ventral auditory area, layer 4"
991,medial forebrain bundle system
992,Lobule IV
993,Secondary motor area
994,corticobulbar tract
995,Paramedian reticular nucleus
996,"Agranular insular area, dorsal part, layer 1"
997,root
998,Fundus of striatum
999,"Entorhinal area, lateral part, layer 2/3"
1000,extrapyramidal fiber systems
1001,Lobule V
1002,Primary auditory area
1003,corticopontine tract
1004,Ventral premammillary nucleus
1005,"Primary auditory area, layer 6b"
1006,"Primary somatosensory area, trunk, layer 1"
1007,Simple lobule
1008,"Geniculate group, dorsal thalamus"
1009,fiber tracts
1010,"Visceral area, layer 4"
1011,Dorsal auditory area
1012,corticorubral tract
1014,"Geniculate group, ventral thalamus"
1015,"Anterior cingulate area, dorsal part, layer 5"
1016,olfactory nerve layer of main olfactory bulb
1017,Ansiform lobule
1018,Ventral auditory area
1019,"corticospinal tract, crossed"
1020,Posterior complex of the thalamus
1021,"Secondary motor area, layer 6a"
1022,"Globus pallidus, external segment"
1023,"Ventral auditory area, layer 5"
1024,grooves
1025,Paramedian lobule
1026,"Primary somatosensory area, upper limb, layer 6b"
1027,Posterior auditory area
1028,"corticospinal tract, uncrossed"
1029,Posterior limiting nucleus of the thalamus
1030,"Primary somatosensory area, lower limb, layer 1"
1031,"Globus pallidus, internal segment"
1032,grooves of the cerebral cortex
1033,Copula pyramidis
1034,"Taenia tecta, dorsal part, layer 1"
1035,"Supplemental somatosensory area, layer 4"
1036,corticotectal tract
1037,Postsubiculum
1038,"Primary somatosensory area, barrel field, layer 6a"
1039,Gracile nucleus
1040,grooves of the cerebellar cortex
1041,Paraflocculus
1042,"Taenia tecta, dorsal part, layer 2"
1043,crossed tectospinal pathway
1044,Peripeduncular nucleus
1045,Ectorhinal area/Layer 6b
1046,"Anteromedial visual area, layer 6a"
1047,"Primary somatosensory area, barrel field, layer 4"
1048,Gigantocellular reticular nucleus
1049,Flocculus
1050,"Taenia tecta, dorsal part, layer 3"
1051,direct tectospinal pathway
1052,Pedunculopontine nucleus
1053,"Anterior cingulate area, layer 2/3"
1054,"Infralimbic area, layer 6a"
1055,endorhinal groove
1056,Crus 1
1057,Gustatory areas
1058,"Visceral area, layer 5"
1059,"Taenia tecta, dorsal part, layer 4"
1060,doral tegmental decussation
1061,Posterior pretectal nucleus
1062,"Primary somatosensory area, barrel field, layer 6b"
1063,hippocampal fissure
1064,Crus 2
1065,Hindbrain
1066,"Anteromedial visual area, layer 2/3"
1067,"Taenia tecta, ventral part, layer 1"
1068,dorsal thalamus related
1069,Parapyramidal nucleus
1070,"Primary somatosensory area, barrel field, layer 5"
1071,rhinal fissure
1072,"Medial geniculate complex, dorsal part"
1073,Hemispheric regions
1074,"Anterolateral visual area, layer 1"
1075,"Taenia tecta, ventral part, layer 2"
1076,efferent cochleovestibular bundle
1077,Perireunensis nucleus
1078,rhinal incisure
1079,"Medial geniculate complex, ventral part"
1080,Hippocampal region
1081,"Infralimbic area, layer 6b"
1082,"Taenia tecta, ventral part, layer 3"
1083,epithalamus related
1084,Presubiculum
1085,"Secondary motor area, layer 6b"
1086,"Primary somatosensory area, trunk, layer 4"
1087,precentral fissure
1088,"Medial geniculate complex, medial part"
1089,Hippocampal formation
1090,"Supplemental somatosensory area, layer 5"
1091,Lobules IV-V
1092,external medullary lamina of the thalamus
1093,"Pontine reticular nucleus, caudal part"
1094,"Primary somatosensory area, lower limb, layer 4"
1095,preculminate fissure
1096,"Anteromedial nucleus, dorsal part"
1097,Hypothalamus
1098,"Medullary reticular nucleus, dorsal part"
1099,fornix system
1100,Pretectal region
1101,"Agranular insular area, dorsal part, layer 5"
1102,"Primary somatosensory area, mouth, layer 6a"
1103,primary fissure
1104,"Anteromedial nucleus, ventral part"
1105,Intercalated amygdalar nucleus
1106,"Visceral area, layer 2/3"
1107,"Medullary reticular nucleus, ventral part"
1108,genu of corpus callosum
1109,Parastrial nucleus
1110,"Supramammillary nucleus, lateral part"
1111,"Primary somatosensory area, trunk, layer 5"
1112,posterior superior fissure
1113,Interanterodorsal nucleus of the thalamus
1114,"Anterolateral visual area, layer 4"
1116,genu of the facial nerve
1117,"Pons, behavioral state related"
1118,"Supramammillary nucleus, medial part"
1119,prepyramidal fissure
1120,Interanteromedial nucleus of the thalamus
1121,"Entorhinal area, lateral part, layer 1"
1123,inferior cerebellar peduncle
1124,Suprachiasmatic preoptic nucleus
1125,"Orbital area, ventrolateral part, layer 5"
1126,"Tuberomammillary nucleus, dorsal part"
1127,"Temporal association areas, layer 2/3"
1128,"Primary somatosensory area, lower limb, layer 5"
1129,Interbrain
1131,intermediate nerve
1132,"Pons, sensory related"
1133,"Entorhinal area, medial part, ventral zone, layer 5/6"
1139,"Nucleus of the lateral olfactory tract, layer 3"
1140,"Postpiriform transition area, layers 1"
1141,"Postpiriform transition area, layers 2"
1142,"Postpiriform transition area, layers 3"
1143,"Cerebellar cortex, granular layer"
1144,"Cerebellar cortex, molecular layer"
1145,"Cerebellar cortex, Purkinje layer"
10671,Median eminence
10672,"Simple lobule, granular layer"
10673,"Simple lobule, Purkinje layer"
10674,"Simple lobule, molecular layer"
10675,"Crus 1, granular layer"
10676,"Crus 1, Purkinje layer"
10677,"Crus 1, molecular layer"
10678,"Crus 2, granular layer"
10679,"Crus 2, Purkinje layer"
10680,"Crus 2, molecular layer"
10681,"Paramedian lobule, granular layer"
10682,"Paramedian lobule, Purkinje layer"
10683,"Paramedian lobule, molecular layer"
10684,"Copula pyramidis, granular layer"
10685,"Copula pyramidis, Purkinje layer"
10686,"Copula pyramidis, molecular layer"
10687,"Paraflocculus, granular layer"
10688,"Paraflocculus, Purkinje layer"
10689,"Paraflocculus, molecular layer"
10690,"Flocculus, granular layer"
10691,"Flocculus, Purkinje layer"
10692,"Flocculus, molecular layer"
10693,"Parasubiculum, layer 1"
10694,"Parasubiculum, layer 2"
10695,"Parasubiculum, layer 3"
10696,"Postsubiculum, layer 1"
10697,"Postsubiculum, layer 2"
10698,"Postsubiculum, layer 3"
10699,"Presubiculum, layer 1"
10700,"Presubiculum, layer 2"
10701,"Presubiculum, layer 3"
10702,"Dentate gyrus, subgranular zone"
10703,"Dentate gyrus, molecular layer"
10704,"Dentate gyrus, polymorph layer"
10705,"Lingula (I), granular layer"
10706,"Lingula (I), Purkinje layer"
10707,"Lingula (I), molecular layer"
10708,"Lobule II, granular layer"
10709,"Lobule II, Purkinje layer"
10710,"Lobule II, molecular layer"
10711,"Lobule III, granular layer"
10712,"Lobule III, Purkinje layer"
10713,"Lobule III, molecular layer"
10714,"Lobule IV, granular layer"
10715,"Lobule IV, Purkinje layer"
10716,"Lobule IV, molecular layer"
10717,"Lobule V, granular layer"
10718,"Lobule V, Purkinje layer"
10719,"Lobule V, molecular layer"
10720,"Lobules IV-V, granular layer"
10721,"Lobules IV-V, Purkinje layer"
10722,"Lobules IV-V, molecular layer"
10723,"Declive (VI), granular layer"
10724,"Declive (VI), Purkinje layer"
10725,"Declive (VI), molecular layer"
10726,"Folium-tuber vermis (VII), granular layer"
10727,"Folium-tuber vermis (VII), Purkinje layer"
10728,"Folium-tuber vermis (VII), molecular layer"
10729,"Pyramus (VIII), granular layer"
10730,"Pyramus (VIII), Purkinje layer"
10731,"Pyramus (VIII), molecular layer"
10732,"Uvula (IX), granular layer"
10733,"Uvula (IX), Purkinje layer"
10734,"Uvula (IX), molecular layer"
10735,"Nodulus (X), granular layer"
10736,"Nodulus (X), Purkinje layer"
10737,"Nodulus (X), molecular layer"
12993,"Somatosensory areas, layer 1"
12994,"Somatosensory areas, layer 2/3"
12995,"Somatosensory areas, layer 4"
12996,"Somatosensory areas, layer 5"
12997,"Somatosensory areas, layer 6a"
12998,"Somatosensory areas, layer 6b"
182305689,"Primary somatosensory area, unassigned"
182305693,"Primary somatosensory area, unassigned, layer 1"
182305697,"Primary somatosensory area, unassigned, layer 2/3"
182305701,"Primary somatosensory area, unassigned, layer 4"
182305705,"Primary somatosensory area, unassigned, layer 5"
182305709,"Primary somatosensory area, unassigned, layer 6a"
182305713,"Primary somatosensory area, unassigned, layer 6b"
304325711,retina
312782546,Anterior area
312782550,"Anterior area, layer 1"
312782554,"Anterior area, layer 2/3"
312782558,"Anterior area, layer 4"
312782562,"Anterior area, layer 5"
312782566,"Anterior area, layer 6a"
312782570,"Anterior area, layer 6b"
312782574,Laterointermediate area
312782578,"Laterointermediate area, layer 1"
312782582,"Laterointermediate area, layer 2/3"
312782586,"Laterointermediate area, layer 4"
312782590,"Laterointermediate area, layer 5"
312782594,"Laterointermediate area, layer 6a"
312782598,"Laterointermediate area, layer 6b"
312782604,"Rostrolateral area, layer 1"
312782608,"Rostrolateral area, layer 2/3"
312782612,"Rostrolateral area, layer 4"
312782616,"Rostrolateral area, layer 5"
312782620,"Rostrolateral area, layer 6a"
312782624,"Rostrolateral area, layer 6b"
312782628,Postrhinal area
312782632,"Postrhinal area, layer 1"
312782636,"Postrhinal area, layer 2/3"
312782640,"Postrhinal area, layer 4"
312782644,"Postrhinal area, layer 5"
312782648,"Postrhinal area, layer 6a"
312782652,"Postrhinal area, layer 6b"
480149202,Rostrolateral lateral visual area
480149206,"Rostrolateral lateral visual area, layer 1"
480149210,"Rostrolateral lateral visual area, layer 2/3"
480149214,"Rostrolateral lateral visual area, layer 4"
480149218,"Rostrolateral lateral visual area,layer 5"
480149222,"Rostrolateral lateral visual area, layer 6a"
480149226,"Rostrolateral lateral visual area, layer 6b"
480149230,Laterolateral anterior visual area
480149234,"Laterolateral anterior visual area, layer 1"
480149238,"Laterolateral anterior visual area, layer 2/3"
480149242,"Laterolateral anterior visual area, layer 4"
480149246,"Laterolateral anterior visual area,layer 5"
480149250,"Laterolateral anterior visual area, layer 6a"
480149254,"Laterolateral anterior visual area, layer 6b"
480149258,Mediomedial anterior visual area
480149262,"Mediomedial anterior visual area, layer 1"
480149266,"Mediomedial anterior visual area, layer 2/3"
480149270,"Mediomedial anterior visual area, layer 4"
480149274,"Mediomedial anterior visual area,layer 5"
480149278,"Mediomedial anterior visual area, layer 6a"
480149282,"Mediomedial anterior visual area, layer 6b"
480149286,Mediomedial posterior visual area
480149290,"Mediomedial posterior visual area, layer 1"
480149294,"Mediomedial posterior visual area, layer 2/3"
480149298,"Mediomedial posterior visual area, layer 4"
480149302,"Mediomedial posterior visual area,layer 5"
480149306,"Mediomedial posterior visual area, layer 6a"
480149310,"Mediomedial posterior visual area, layer 6b"
480149314,Medial visual area
480149318,"Medial visual area, layer 1"
480149322,"Medial visual area, layer 2/3"
480149326,"Medial visual area, layer 4"
480149330,"Medial visual area,layer 5"
480149334,"Medial visual area, layer 6a"
480149338,"Medial visual area, layer 6b"
484682470,Prosubiculum
484682475,"Prosubiculum, dorsal part"
484682479,"Prosubiculum, dorsal part, molecular layer"
484682483,"Prosubiculum, dorsal part, pyramidal layer"
484682487,"Prosubiculum, dorsal part, stratum radiatum"
484682492,"Prosubiculum, ventral part"
484682496,"Prosubiculum, ventral part, molecular layer"
484682500,"Prosubiculum, ventral part, pyramidal layer"
484682504,"Prosubiculum, ventral part, stratum radiatum"
484682508,Area prostriata
484682512,supra-callosal cerebral white matter
484682516,"corpus callosum, body"
484682520,optic radiation
484682524,auditory radiation
484682528,commissural branch of stria terminalis
496345664,"Dorsal part of the lateral geniculate complex, shell"
496345668,"Dorsal part of the lateral geniculate complex, core"
496345672,"Dorsal part of the lateral geniculate complex, ipsilateral zone"
526157192,"Frontal pole, layer 5"
526157196,"Frontal pole, layer 6a"
526322264,"Frontal pole, layer 6b"
527696977,"Orbital area, medial part, layer 6b"
549009199,Lateral strip of striatum
549009203,Retroparafascicular nucleus
549009207,Intercollicular nucleus
549009211,Medial accesory oculomotor nucleus
549009215,Peritrigeminal zone
549009219,Accessory trigeminal nucleus
549009223,Parvicellular motor 5 nucleus
549009227,Intertrigeminal nucleus
560581551,Ethmoid nucleus of the thalamus
560581555,Retroethmoid nucleus
560581559,Xiphoid thalamic nucleus
560581563,Posterior intralaminar thalamic nucleus
563807435,Posterior triangular thalamic nucleus
563807439,Intermediate geniculate nucleus
576073699,Ventromedial preoptic nucleus
576073704,Perifornical nucleus
589508447,Hippocampo-amygdalar transition area
589508451,Paratrigeminal nucleus
589508455,Vestibulocerebellar nucleus
599626923,Subcommissural organ
599626927,Posterodorsal tegmental nucleus
606826647,"Medial mammillary nucleus, lateral part"
606826651,"Medial mammillary nucleus, medial part"
606826655,"Medial mammillary nucleus, posterior part"
606826659,"Medial mammillary nucleus, dorsal part"
606826663,Paratrochlear nucleus
607344830,Paranigral nucleus
607344834,"Interpeduncular nucleus, rostral"
607344838,"Interpeduncular nucleus, caudal"
607344842,"Interpeduncular nucleus, apical"
607344846,"Interpeduncular nucleus, lateral"
607344850,"Interpeduncular nucleus, intermediate"
607344854,"Interpeduncular nucleus, dorsomedial"
607344858,"Interpeduncular nucleus, dorsolateral"
607344862,"Interpeduncular nucleus, rostrolateral"
614454277,Supraoculomotor periaqueductal gray
